date,close,open,high,low,volume,returns
2022/12/30,"3,238.19","3,233.21","3,245.61","3,230.75",21.73B,0.51%
2022/12/29,"3,221.87","3,224.98","3,234.72","3,212.11",21.54B,-0.44%
2022/12/28,"3,236.18","3,237.41","3,247.98","3,227.80",22.44B,-0.26%
2022/12/27,"3,244.71","3,226.05","3,247.35","3,222.43",22.20B,0.98%
2022/12/26,"3,213.28","3,195.08","3,219.85","3,194.19",20.63B,0.65%
2022/12/23,"3,192.64","3,185.15","3,209.35","3,177.62",19.16B,-0.28%
2022/12/22,"3,201.51","3,234.38","3,245.34","3,191.19",22.35B,-0.45%
2022/12/21,"3,216.13","3,226.50","3,234.36","3,207.89",18.89B,-0.17%
2022/12/20,"3,221.71","3,248.19","3,250.09","3,208.86",21.86B,-1.08%
2022/12/19,"3,256.76","3,317.80","3,323.00","3,245.22",27.82B,-1.92%
2022/12/16,"3,320.47","3,308.16","3,328.34","3,303.41",25.94B,-0.03%
2022/12/15,"3,321.31","3,330.26","3,332.25","3,310.57",24.28B,-0.25%
2022/12/14,"3,329.56","3,331.69","3,343.51","3,321.21",26.53B,0.01%
2022/12/13,"3,329.36","3,332.61","3,340.78","3,324.26",28.55B,-0.08%
2022/12/12,"3,332.19","3,349.82","3,350.75","3,329.61",33.30B,-0.87%
2022/12/9,"3,361.46","3,351.15","3,366.90","3,336.27",37.30B,0.30%
2022/12/8,"3,351.40","3,349.93","3,361.21","3,340.78",32.05B,-0.07%
2022/12/7,"3,353.73","3,359.28","3,381.47","3,342.20",35.37B,-0.40%
2022/12/6,"3,367.27","3,354.37","3,380.14","3,348.92",37.32B,0.02%
2022/12/5,"3,366.49","3,335.14","3,368.20","3,329.99",44.69B,1.77%
2022/12/2,"3,308.06","3,312.75","3,323.56","3,301.46",30.74B,-0.30%
2022/12/1,"3,317.90","3,341.57","3,352.48","3,316.93",38.66B,0.45%
2022/11/30,"3,303.10","3,292.59","3,310.63","3,288.41",37.21B,0.05%
2022/11/29,"3,301.37","3,245.14","3,303.75","3,245.14",39.10B,2.31%
2022/11/28,"3,226.70","3,202.28","3,228.43","3,180.71",30.55B,-0.75%
2022/11/25,"3,251.00","3,233.98","3,261.22","3,226.10",31.12B,0.40%
2022/11/24,"3,238.00","3,253.53","3,263.12","3,233.35",26.72B,-0.25%
2022/11/23,"3,245.99","3,233.20","3,257.88","3,223.34",32.57B,0.26%
2022/11/22,"3,237.62","3,232.67","3,268.23","3,224.34",32.72B,0.13%
2022/11/21,"3,233.51","3,226.19","3,233.73","3,203.26",25.58B,-0.39%
2022/11/18,"3,246.33","3,266.75","3,277.23","3,245.96",29.95B,-0.58%
2022/11/17,"3,265.39","3,260.67","3,265.39","3,235.76",28.64B,-0.14%
2022/11/16,"3,270.13","3,284.41","3,297.16","3,265.26",30.30B,-0.45%
2022/11/15,"3,284.87","3,229.39","3,286.51","3,222.42",33.11B,1.64%
2022/11/14,"3,231.77","3,250.06","3,271.60","3,223.19",36.13B,-0.12%
2022/11/11,"3,235.80","3,248.76","3,267.75","3,217.97",40.92B,1.69%
2022/11/10,"3,182.12","3,177.44","3,194.56","3,168.19",27.01B,-0.39%
2022/11/9,"3,194.73","3,211.84","3,221.78","3,192.68",23.54B,-0.53%
2022/11/8,"3,211.87","3,225.24","3,226.27","3,194.01",25.63B,-0.43%
2022/11/7,"3,225.78","3,210.11","3,236.70","3,201.30",32.03B,0.23%
2022/11/4,"3,218.44","3,141.06","3,229.77","3,141.06",32.94B,2.44%
2022/11/3,"3,141.92","3,124.48","3,148.15","3,120.84",25.91B,-0.19%
2022/11/2,"3,147.76","3,102.97","3,164.22","3,096.99",32.47B,1.15%
2022/11/1,"3,111.95","3,038.82","3,111.95","3,035.98",31.94B,2.62%
2022/10/31,"3,032.52","3,032.14","3,066.55","3,023.66",30.14B,-0.77%
2022/10/28,"3,056.00","3,109.59","3,117.15","3,048.70",29.21B,-2.25%
2022/10/27,"3,126.26","3,149.40","3,162.25","3,125.02",26.52B,-0.55%
2022/10/26,"3,143.60","3,120.56","3,173.79","3,120.56",26.82B,0.78%
2022/10/25,"3,119.20","3,111.39","3,145.81","3,085.57",25.51B,-0.03%
2022/10/24,"3,120.10","3,180.12","3,211.24","3,107.23",29.76B,-2.02%
2022/10/21,"3,184.52","3,183.62","3,201.83","3,171.98",24.50B,0.13%
2022/10/20,"3,180.48","3,174.48","3,217.44","3,158.11",24.45B,-0.31%
2022/10/19,"3,190.27","3,220.52","3,229.10","3,190.27",23.06B,-1.19%
2022/10/18,"3,228.64","3,243.33","3,248.55","3,221.58",24.54B,-0.13%
2022/10/17,"3,232.84","3,207.27","3,235.20","3,199.04",26.24B,0.42%
2022/10/14,"3,219.29","3,180.53","3,232.15","3,180.53",27.70B,1.85%
2022/10/13,"3,160.94","3,152.46","3,181.79","3,148.46",24.94B,-0.30%
2022/10/12,"3,170.52","3,119.52","3,170.52","3,074.78",24.77B,1.53%
2022/10/11,"3,122.75","3,120.98","3,130.22","3,095.16",20.84B,0.19%
2022/10/10,"3,116.85","3,172.22","3,174.83","3,110.67",24.31B,-1.66%
2022/9/30,"3,169.60","3,188.30","3,201.32","3,167.06",20.38B,-0.55%
2022/9/29,"3,187.27","3,214.88","3,224.54","3,171.43",22.98B,-0.13%
2022/9/28,"3,191.38","3,237.50","3,237.50","3,191.17",22.98B,-1.58%
2022/9/27,"3,242.51","3,203.37","3,242.70","3,194.86",23.23B,1.39%
2022/9/26,"3,197.92","3,214.71","3,251.56","3,195.08",26.17B,-1.19%
2022/9/23,"3,236.52","3,255.64","3,274.46","3,219.54",24.25B,-0.66%
2022/9/22,"3,257.87","3,247.19","3,275.42","3,240.92",22.09B,-0.26%
2022/9/21,"3,266.51","3,265.27","3,279.77","3,239.35",23.27B,-0.17%
2022/9/20,"3,271.98","3,277.76","3,290.46","3,263.21",21.96B,0.22%
2022/9/19,"3,264.91","3,272.30","3,285.75","3,249.83",24.88B,-0.34%
2022/9/16,"3,276.13","3,342.73","3,344.83","3,276.13",31.60B,-2.30%
2022/9/15,"3,353.31","3,404.76","3,410.24","3,326.54",32.48B,-1.16%
2022/9/14,"3,392.77","3,379.25","3,406.67","3,376.41",25.48B,-0.80%
2022/9/13,"3,420.26","3,428.88","3,435.30","3,415.85",27.58B,0.05%
2022/9/9,"3,418.38","3,396.54","3,422.75","3,391.64",28.35B,0.82%
2022/9/8,"3,390.66","3,401.05","3,409.65","3,388.80",28.13B,-0.33%
2022/9/7,"3,401.82","3,386.92","3,409.66","3,382.40",30.07B,0.09%
2022/9/6,"3,398.82","3,361.63","3,400.06","3,357.23",31.85B,1.36%
2022/9/5,"3,353.23","3,336.53","3,353.23","3,323.99",28.03B,0.42%
2022/9/2,"3,339.17","3,342.52","3,351.53","3,325.87",25.02B,0.05%
2022/9/1,"3,337.62","3,349.72","3,368.63","3,334.08",27.44B,-0.54%
2022/8/31,"3,355.60","3,370.65","3,386.91","3,336.95",34.39B,-0.78%
2022/8/30,"3,381.87","3,395.42","3,399.16","3,366.58",29.39B,-0.42%
2022/8/29,"3,396.00","3,356.47","3,396.00","3,352.17",29.66B,0.14%
2022/8/26,"3,391.19","3,406.33","3,422.66","3,387.06",30.95B,-0.31%
2022/8/25,"3,401.72","3,377.83","3,403.91","3,352.32",33.57B,0.97%
2022/8/24,"3,369.17","3,436.11","3,438.95","3,366.23",36.56B,-1.86%
2022/8/23,"3,433.02","3,431.09","3,441.80","3,418.75",31.60B,-0.05%
2022/8/22,"3,434.61","3,405.17","3,435.03","3,402.48",31.41B,0.61%
2022/8/19,"3,413.93","3,432.25","3,443.66","3,413.89",33.31B,-0.59%
2022/8/18,"3,434.24","3,443.55","3,446.49","3,427.00",30.14B,-0.46%
2022/8/17,"3,450.03","3,438.98","3,453.66","3,419.32",32.57B,0.45%
2022/8/16,"3,434.57","3,435.45","3,452.53","3,427.95",30.32B,0.06%
2022/8/15,"3,432.65","3,424.44","3,443.81","3,417.58",28.67B,-0.02%
2022/8/12,"3,433.36","3,432.17","3,445.23","3,429.09",29.95B,-0.15%
2022/8/11,"3,438.40","3,398.26","3,438.40","3,392.52",30.01B,1.60%
2022/8/10,"3,384.14","3,397.16","3,408.47","3,371.32",25.73B,-0.54%
2022/8/9,"3,402.43","3,390.08","3,403.84","3,381.48",25.93B,0.33%
2022/8/8,"3,391.34","3,372.68","3,392.44","3,367.66",25.40B,0.30%
2022/8/5,"3,381.24","3,347.93","3,383.25","3,336.65",27.44B,1.19%
2022/8/4,"3,341.39","3,331.26","3,343.35","3,306.48",26.06B,0.80%
2022/8/3,"3,314.75","3,341.24","3,371.22","3,310.32",32.45B,-0.71%
2022/8/2,"3,338.49","3,385.65","3,385.65","3,305.86",39.36B,-2.26%
2022/8/1,"3,415.75","3,401.99","3,420.31","3,379.89",29.19B,0.20%
2022/7/29,"3,408.96","3,439.95","3,452.52","3,401.73",30.70B,-0.89%
2022/7/28,"3,439.74","3,445.01","3,463.91","3,434.01",28.77B,0.21%
2022/7/27,"3,432.70","3,428.61","3,439.90","3,422.28",24.89B,-0.05%
2022/7/26,"3,434.54","3,410.11","3,439.72","3,401.55",25.93B,0.83%
2022/7/25,"3,406.14","3,426.35","3,429.94","3,398.46",27.10B,-0.60%
2022/7/22,"3,426.60","3,433.05","3,451.36","3,402.23",30.04B,-0.06%
2022/7/21,"3,428.65","3,455.66","3,458.71","3,428.65",33.21B,-0.99%
2022/7/20,"3,463.04","3,449.42","3,466.87","3,445.39",30.13B,0.77%
2022/7/19,"3,436.68","3,435.88","3,441.39","3,412.11",31.54B,0.04%
2022/7/18,"3,435.22","3,390.09","3,435.64","3,380.73",34.80B,1.55%
2022/7/15,"3,382.68","3,417.66","3,446.50","3,382.68",37.96B,-1.64%
2022/7/14,"3,439.04","3,434.73","3,457.39","3,417.87",35.56B,-0.08%
2022/7/13,"3,441.89","3,437.21","3,455.33","3,423.41",33.15B,0.08%
2022/7/12,"3,439.07","3,466.01","3,478.62","3,434.40",33.44B,-0.97%
2022/7/11,"3,472.70","3,501.65","3,501.65","3,455.33",34.24B,-1.27%
2022/7/8,"3,517.37","3,542.95","3,549.18","3,515.32",32.26B,-0.25%
2022/7/7,"3,526.20","3,514.32","3,538.17","3,492.45",33.41B,0.27%
2022/7/6,"3,516.65","3,554.02","3,554.02","3,493.32",38.43B,-1.43%
2022/7/5,"3,567.64","3,575.06","3,589.46","3,534.08",41.13B,-0.04%
2022/7/4,"3,569.06","3,544.24","3,569.27","3,525.65",35.74B,0.53%
2022/7/1,"3,550.33","3,563.62","3,567.60","3,540.67",35.01B,-0.32%
2022/6/30,"3,561.89","3,520.29","3,581.24","3,520.29",38.08B,1.10%
2022/6/29,"3,522.98","3,563.04","3,578.74","3,519.79",44.01B,-1.40%
2022/6/28,"3,573.04","3,539.93","3,576.10","3,520.17",41.16B,0.89%
2022/6/27,"3,541.52","3,525.56","3,556.31","3,525.56",41.36B,0.88%
2022/6/24,"3,510.59","3,484.37","3,517.94","3,482.52",39.04B,0.89%
2022/6/23,"3,479.53","3,426.04","3,479.53","3,418.91",40.01B,1.62%
2022/6/22,"3,424.06","3,468.00","3,470.02","3,423.39",37.52B,-1.20%
2022/6/21,"3,465.49","3,472.93","3,489.30","3,437.28",39.41B,-0.26%
2022/6/20,"3,474.54","3,474.80","3,493.94","3,450.91",41.28B,-0.04%
2022/6/17,"3,475.83","3,422.03","3,482.69","3,419.34",39.48B,0.96%
2022/6/16,"3,442.85","3,465.12","3,478.59","3,434.60",43.27B,-0.60%
2022/6/15,"3,463.62","3,446.33","3,519.21","3,446.04",55.00B,0.51%
2022/6/14,"3,446.12","3,378.20","3,446.36","3,348.35",45.00B,1.03%
2022/6/13,"3,411.06","3,411.91","3,429.38","3,383.50",43.82B,-0.89%
2022/6/10,"3,441.79","3,367.67","3,443.72","3,364.15",43.94B,1.42%
2022/6/9,"3,393.63","3,415.16","3,426.91","3,377.34",42.23B,-0.76%
2022/6/8,"3,419.70","3,399.98","3,422.71","3,369.60",43.38B,0.68%
2022/6/7,"3,396.54","3,390.00","3,408.51","3,376.57",40.16B,0.16%
2022/6/6,"3,390.95","3,349.85","3,391.70","3,333.85",42.14B,1.27%
2022/6/2,"3,348.30","3,322.03","3,350.20","3,315.15",36.11B,0.41%
2022/6/1,"3,334.46","3,331.87","3,343.32","3,311.25",36.51B,-0.13%
2022/5/31,"3,338.94","3,300.76","3,341.21","3,292.49",37.32B,1.18%
2022/5/30,"3,299.85","3,292.54","3,301.78","3,272.65",34.88B,0.60%
2022/5/27,"3,280.26","3,285.32","3,302.08","3,261.72",35.90B,0.23%
2022/5/26,"3,272.82","3,260.61","3,283.48","3,227.04",36.99B,0.50%
2022/5/25,"3,256.40","3,217.29","3,256.57","3,217.07",34.19B,1.19%
2022/5/24,"3,218.12","3,300.04","3,304.36","3,218.12",41.59B,-2.41%
2022/5/23,"3,297.70","3,301.45","3,301.53","3,277.76",35.28B,0.01%
2022/5/20,"3,297.33","3,256.04","3,297.33","3,256.04",37.18B,1.60%
2022/5/19,"3,245.40","3,192.68","3,245.40","3,188.45",33.61B,0.36%
2022/5/18,"3,233.80","3,244.61","3,254.68","3,218.67",31.46B,-0.26%
2022/5/17,"3,242.30","3,224.39","3,242.30","3,204.57",32.98B,0.65%
2022/5/16,"3,221.49","3,249.61","3,251.74","3,210.59",33.78B,-0.34%
2022/5/13,"3,232.58","3,215.51","3,234.47","3,206.30",33.14B,0.96%
2022/5/12,"3,201.84","3,191.07","3,219.81","3,178.70",34.41B,-0.12%
2022/5/11,"3,205.63","3,181.23","3,249.97","3,180.48",42.36B,0.75%
2022/5/10,"3,181.72","3,108.14","3,190.07","3,099.40",37.03B,1.06%
2022/5/9,"3,148.41","3,133.71","3,160.75","3,126.81",29.18B,0.09%
2022/5/6,"3,145.63","3,155.91","3,176.24","3,136.40",34.29B,-2.16%
2022/5/5,"3,215.10","3,191.08","3,230.26","3,188.20",38.26B,0.68%
2022/4/29,"3,193.33","3,129.51","3,194.88","3,110.79",42.34B,2.40%
2022/4/28,"3,118.40","3,087.22","3,135.21","3,077.86",37.50B,0.58%
2022/4/27,"3,100.34","3,004.42","3,101.28","3,001.10",42.27B,2.49%
2022/4/26,"3,025.03","3,071.16","3,099.74","3,016.48",40.13B,-1.44%
2022/4/25,"3,069.17","3,179.98","3,190.09","3,069.16",43.31B,-5.13%
2022/4/22,"3,235.27","3,205.35","3,254.92","3,195.88",34.17B,0.23%
2022/4/21,"3,227.82","3,289.28","3,312.87","3,217.18",39.16B,-2.26%
2022/4/20,"3,302.51","3,343.21","3,345.26","3,293.06",36.16B,-1.35%
2022/4/19,"3,347.55","3,345.53","3,362.06","3,327.29",33.96B,-0.05%
2022/4/18,"3,349.13","3,339.12","3,358.08","3,319.24",34.70B,-0.49%
2022/4/15,"3,365.69","3,365.03","3,385.23","3,354.09",40.72B,-0.44%
2022/4/14,"3,380.73","3,357.64","3,395.81","3,354.14",37.07B,1.22%
2022/4/13,"3,339.98","3,353.55","3,380.58","3,336.55",39.06B,-0.83%
2022/4/12,"3,367.82","3,317.22","3,369.03","3,291.75",41.78B,1.46%
2022/4/11,"3,319.34","3,395.64","3,395.64","3,308.19",42.37B,-2.61%
2022/4/8,"3,408.23","3,395.69","3,413.79","3,362.65",41.34B,0.47%
2022/4/7,"3,392.36","3,424.95","3,448.51","3,392.13",40.22B,-1.42%
2022/4/6,"3,441.33","3,426.70","3,446.31","3,412.27",42.92B,0.02%
2022/4/1,"3,440.64","3,390.19","3,445.39","3,381.40",37.79B,0.93%
2022/3/31,"3,409.10","3,412.75","3,429.45","3,402.18",393.22K,-0.43%
2022/3/30,"3,423.74","3,372.26","3,423.74","3,370.90",36.63B,1.99%
2022/3/29,"3,357.02","3,370.68","3,384.44","3,350.09",312.37K,-0.36%
2022/3/28,"3,369.07","3,338.27","3,385.55","3,311.70",34.47B,0.07%
2022/3/25,"3,366.68","3,403.30","3,413.76","3,366.04",33.97B,-1.17%
2022/3/24,"3,406.56","3,412.70","3,424.03","3,392.28",32.88B,-0.64%
2022/3/23,"3,428.37","3,421.82","3,437.67","3,408.38",34.96B,0.34%
2022/3/22,"3,416.64","3,405.82","3,436.91","3,395.34",36.09B,0.19%
2022/3/21,"3,410.16","3,412.30","3,424.73","3,378.35",35.39B,0.08%
2022/3/18,"3,407.57","3,361.48","3,417.75","3,351.19",37.27B,1.12%
2022/3/17,"3,369.75","3,369.82","3,417.13","3,357.09",42.04B,1.40%
2022/3/16,"3,323.35","3,257.28","3,330.77","3,168.68",44.42B,3.49%
2022/3/15,"3,211.42","3,345.95","3,350.89","3,211.42",46.44B,-4.95%
2022/3/14,"3,378.68","3,429.31","3,456.54","3,378.68",33.77B,-2.60%
2022/3/11,"3,469.03","3,415.98","3,475.26","3,372.12",38.38B,0.42%
2022/3/10,"3,454.57","3,471.40","3,486.57","3,449.42",37.80B,1.22%
2022/3/9,"3,412.88","3,462.48","3,481.13","3,298.72",46.58B,-1.13%
2022/3/8,"3,451.81","3,534.65","3,546.28","3,445.26",41.55B,-2.35%
2022/3/7,"3,534.89","3,603.91","3,603.91","3,522.21",39.32B,-2.17%
2022/3/4,"3,613.44","3,626.37","3,642.01","3,602.98",39.32B,-0.96%
2022/3/3,"3,648.53","3,664.04","3,668.61","3,640.32",41.23B,-0.09%
2022/3/2,"3,651.71","3,645.49","3,654.27","3,633.68",32.90B,-0.13%
2022/3/1,"3,656.55","3,638.14","3,658.96","3,632.27",32.56B,0.77%
2022/2/28,"3,628.66","3,616.02","3,628.66","3,590.05",34.54B,0.32%
2022/2/25,"3,617.17","3,610.78","3,647.25","3,606.14",37.71B,0.63%
2022/2/24,"3,594.62","3,641.22","3,654.42","3,563.44",48.79B,-1.70%
2022/2/23,"3,656.72","3,624.64","3,658.42","3,624.30",32.53B,0.93%
2022/2/22,"3,623.20","3,640.17","3,640.28","3,602.81",32.59B,-0.96%
2022/2/21,"3,658.35","3,656.06","3,660.03","3,638.49",30.12B,0.00%
2022/2/18,"3,658.50","3,617.44","3,658.50","3,612.61",29.48B,0.66%
2022/2/17,"3,634.64","3,630.57","3,648.25","3,620.16",29.70B,0.07%
2022/2/16,"3,632.26","3,623.07","3,641.91","3,619.62",27.48B,0.57%
2022/2/15,"3,611.52","3,592.53","3,612.99","3,585.81",27.53B,0.50%
2022/2/14,"3,593.40","3,617.42","3,623.13","3,579.32",31.50B,-0.98%
2022/2/11,"3,629.05","3,638.78","3,668.15","3,625.25",36.11B,-0.66%
2022/2/10,"3,653.11","3,648.92","3,656.20","3,630.35",35.54B,0.17%
2022/2/9,"3,646.85","3,616.33","3,651.90","3,609.22",35.00B,0.79%
2022/2/8,"3,618.24","3,592.91","3,618.84","3,552.99",36.58B,0.67%
2022/2/7,"3,594.01","3,571.14","3,598.72","3,571.14",32.02B,2.03%
2022/1/28,"3,522.48","3,570.99","3,580.92","3,517.42",29.05B,-0.97%
2022/1/27,"3,556.99","3,621.86","3,622.14","3,554.64",28.04B,-1.78%
2022/1/26,"3,621.42","3,607.80","3,628.13","3,581.65",27.49B,0.66%
2022/1/25,"3,597.65","3,677.58","3,688.67","3,597.65",32.69B,-2.58%
2022/1/24,"3,693.10","3,676.45","3,701.05","3,668.16",28.00B,0.04%
2022/1/21,"3,691.48","3,716.82","3,717.08","3,683.43",32.63B,-0.91%
2022/1/20,"3,725.56","3,726.71","3,747.80","3,710.35",37.93B,-0.09%
2022/1/19,"3,728.82","3,738.75","3,750.42","3,711.47",33.30B,-0.33%
2022/1/18,"3,741.12","3,711.69","3,751.04","3,700.64",37.70B,0.80%
2022/1/17,"3,711.46","3,690.83","3,716.06","3,688.02",31.26B,0.58%
2022/1/14,"3,689.96","3,713.99","3,718.53","3,687.93",37.67B,-0.96%
2022/1/13,"3,725.74","3,773.87","3,773.95","3,725.64",36.91B,-1.18%
2022/1/12,"3,770.09","3,749.86","3,772.31","3,743.48",34.29B,0.84%
2022/1/11,"3,738.63","3,762.26","3,774.99","3,733.68",35.95B,-0.73%
2022/1/10,"3,766.03","3,744.22","3,766.03","3,725.80",35.60B,0.39%
2022/1/7,"3,751.34","3,761.04","3,780.28","3,748.77",43.61B,-0.18%
2022/1/6,"3,757.99","3,752.88","3,766.86","3,730.49",37.12B,-0.25%
2022/1/5,"3,767.52","3,802.23","3,802.23","3,755.22",42.35B,-1.02%
2022/1/4,"3,806.50","3,824.18","3,827.00","3,783.15",40.46B,-0.20%
2021/12/31,"3,814.30","3,800.16","3,817.52","3,798.82",32.94B,0.57%
2021/12/30,"3,792.80","3,769.00","3,803.10","3,767.96",30.76B,0.62%
2021/12/29,"3,769.55","3,805.12","3,805.12","3,768.85",30.49B,-0.91%
2021/12/28,"3,804.29","3,793.38","3,805.32","3,780.43",31.59B,0.39%
2021/12/27,"3,789.51","3,786.58","3,806.68","3,774.73",32.89B,-0.06%
2021/12/24,"3,791.82","3,820.56","3,824.29","3,785.50",39.00B,-0.69%
2021/12/23,"3,818.35","3,799.54","3,818.46","3,791.72",38.26B,0.57%
2021/12/22,"3,796.52","3,807.31","3,810.55","3,790.15",39.44B,-0.08%
2021/12/21,"3,799.38","3,764.15","3,801.38","3,764.15",40.78B,0.88%
2021/12/20,"3,766.39","3,794.18","3,819.30","3,761.94",42.34B,-1.07%
2021/12/17,"3,807.11","3,846.89","3,850.52","3,806.40",40.80B,-1.16%
2021/12/16,"3,851.90","3,824.50","3,851.90","3,820.08",38.09B,0.75%
2021/12/15,"3,823.12","3,831.12","3,844.96","3,820.60",37.71B,-0.39%
2021/12/14,"3,837.90","3,846.57","3,848.56","3,830.69",36.18B,-0.53%
2021/12/13,"3,858.42","3,864.59","3,887.70","3,855.24",42.37B,0.40%
2021/12/10,"3,842.97","3,830.31","3,844.54","3,827.13",41.96B,-0.18%
2021/12/9,"3,849.93","3,816.48","3,866.09","3,813.91",43.16B,0.98%
2021/12/8,"3,812.71","3,776.27","3,812.87","3,764.86",36.08B,1.18%
2021/12/7,"3,768.13","3,785.07","3,788.21","3,744.50",40.35B,0.16%
2021/12/6,"3,762.10","3,789.14","3,800.70","3,759.49",41.82B,-0.50%
2021/12/3,"3,780.96","3,748.52","3,782.07","3,745.11",37.72B,0.94%
2021/12/2,"3,745.77","3,745.08","3,759.41","3,738.72",35.37B,-0.08%
2021/12/1,"3,748.88","3,733.10","3,748.88","3,729.75",32.95B,0.37%
2021/11/30,"3,735.22","3,742.42","3,754.32","3,716.78",34.84B,0.03%
2021/11/29,"3,733.96","3,698.17","3,734.97","3,695.75",33.33B,-0.04%
2021/11/26,"3,735.32","3,747.95","3,747.95","3,725.66",30.07B,-0.56%
2021/11/25,"3,756.40","3,766.14","3,770.05","3,751.56",30.62B,-0.24%
2021/11/24,"3,765.41","3,762.59","3,775.96","3,747.14",33.65B,0.10%
2021/11/23,"3,761.62","3,752.64","3,771.36","3,749.33",35.97B,0.20%
2021/11/22,"3,754.29","3,733.98","3,757.48","3,733.96",32.96B,0.61%
2021/11/19,"3,731.50","3,688.28","3,733.13","3,686.59",31.77B,1.13%
2021/11/18,"3,689.78","3,701.08","3,707.90","3,681.78",31.21B,-0.47%
2021/11/17,"3,707.26","3,687.55","3,707.42","3,682.26",27.64B,0.44%
2021/11/16,"3,690.92","3,700.05","3,720.32","3,686.78",31.01B,-0.33%
2021/11/15,"3,702.98","3,713.24","3,721.20","3,690.39",31.28B,-0.16%
2021/11/12,"3,709.05","3,703.95","3,713.80","3,696.72",30.84B,0.18%
2021/11/11,"3,702.52","3,653.95","3,704.02","3,650.11",32.17B,1.15%
2021/11/10,"3,660.26","3,667.04","3,667.04","3,614.06",30.67B,-0.42%
2021/11/9,"3,675.52","3,675.63","3,683.85","3,656.64",28.70B,0.24%
2021/11/8,"3,666.72","3,659.77","3,675.80","3,651.66",29.79B,0.20%
2021/11/5,"3,659.34","3,689.22","3,695.31","3,659.23",35.40B,-1.00%
2021/11/4,"3,696.23","3,674.17","3,697.38","3,671.18",31.91B,0.81%
2021/11/3,"3,666.51","3,669.16","3,681.28","3,647.57",30.63B,-0.20%
2021/11/2,"3,673.95","3,713.68","3,730.12","3,644.62",41.71B,-1.10%
2021/11/1,"3,714.82","3,700.08","3,727.53","3,688.39",38.19B,-0.08%
2021/10/29,"3,717.82","3,688.39","3,717.82","3,671.09",35.84B,0.82%
2021/10/28,"3,687.49","3,719.16","3,722.67","3,678.12",37.75B,-1.23%
2021/10/27,"3,733.40","3,762.31","3,762.31","3,723.77",35.02B,-0.98%
2021/10/26,"3,770.47","3,786.43","3,799.21","3,762.15",33.70B,-0.34%
2021/10/25,"3,783.31","3,745.97","3,784.60","3,735.42",32.09B,0.76%
2021/10/22,"3,754.72","3,767.43","3,780.91","3,750.67",35.28B,-0.34%
2021/10/21,"3,767.46","3,762.52","3,784.43","3,748.11",35.20B,0.22%
2021/10/20,"3,759.32","3,755.36","3,768.79","3,746.00",34.36B,-0.17%
2021/10/19,"3,765.70","3,733.32","3,769.52","3,731.56",33.39B,0.70%
2021/10/18,"3,739.46","3,742.54","3,742.54","3,709.39",34.06B,-0.12%
2021/10/15,"3,743.92","3,722.54","3,750.64","3,712.78",32.00B,0.40%
2021/10/14,"3,729.15","3,725.81","3,741.13","3,717.51",29.47B,-0.10%
2021/10/13,"3,732.79","3,713.60","3,740.52","3,684.44",32.47B,0.42%
2021/10/12,"3,717.20","3,753.25","3,755.70","3,683.87",40.49B,-1.25%
2021/10/11,"3,764.18","3,773.29","3,788.34","3,758.98",39.39B,-0.01%
2021/10/8,"3,764.70","3,782.52","3,786.14","3,743.26",40.67B,0.67%
2021/9/30,"3,739.57","3,712.10","3,744.05","3,712.10",39.53B,0.90%
2021/9/29,"3,706.18","3,745.22","3,745.22","3,687.08",45.21B,-1.83%
2021/9/28,"3,775.33","3,749.87","3,784.47","3,740.34",44.37B,0.54%
2021/9/27,"3,755.06","3,800.25","3,815.82","3,731.02",51.02B,-0.84%
2021/9/24,"3,786.72","3,812.68","3,826.96","3,781.18",50.68B,-0.80%
2021/9/23,"3,817.24","3,826.76","3,847.39","3,806.82",53.45B,0.38%
2021/9/22,"3,802.89","3,734.43","3,803.90","3,731.59",47.18B,0.40%
2021/9/17,"3,787.70","3,768.04","3,794.98","3,740.84",51.63B,0.19%
2021/9/16,"3,780.44","3,841.01","3,854.72","3,780.06",54.62B,-1.34%
2021/9/15,"3,831.97","3,826.71","3,854.35","3,813.20",47.45B,-0.18%
2021/9/14,"3,838.70","3,888.02","3,902.94","3,831.39",56.44B,-1.42%
2021/9/13,"3,894.03","3,877.15","3,895.58","3,870.38",55.69B,0.33%
2021/9/10,"3,881.19","3,868.68","3,901.92","3,858.66",63.47B,0.27%
2021/9/9,"3,870.71","3,843.12","3,871.05","3,838.23",60.43B,0.49%
2021/9/8,"3,851.90","3,850.04","3,873.04","3,837.02",58.58B,-0.04%
2021/9/7,"3,853.39","3,795.85","3,858.99","3,788.95",54.71B,1.51%
2021/9/6,"3,796.01","3,752.28","3,800.67","3,752.28",52.13B,1.12%
2021/9/3,"3,753.95","3,776.00","3,787.75","3,741.01",61.40B,-0.43%
2021/9/2,"3,770.01","3,731.07","3,770.35","3,728.73",57.22B,0.84%
2021/9/1,"3,738.62","3,714.25","3,754.61","3,683.64",66.67B,0.65%
2021/8/31,"3,714.33","3,688.19","3,714.33","3,664.45",52.36B,0.45%
2021/8/30,"3,697.76","3,705.02","3,709.68","3,681.88",51.22B,0.17%
2021/8/27,"3,691.53","3,662.44","3,699.97","3,661.35",45.51B,0.59%
2021/8/26,"3,670.03","3,707.41","3,707.41","3,667.72",50.25B,-1.09%
2021/8/25,"3,710.64","3,687.06","3,710.65","3,678.81",44.97B,0.74%
2021/8/24,"3,683.45","3,649.64","3,692.07","3,648.45",42.99B,1.08%
2021/8/23,"3,644.25","3,601.96","3,648.59","3,601.80",38.44B,1.45%
2021/8/20,"3,592.03","3,607.94","3,619.13","3,558.09",39.08B,-1.10%
2021/8/19,"3,632.14","3,642.33","3,647.78","3,611.64",38.21B,-0.57%
2021/8/18,"3,652.81","3,607.79","3,655.09","3,602.88",38.89B,1.11%
2021/8/17,"3,612.65","3,680.94","3,701.53","3,603.37",42.25B,-2.00%
2021/8/16,"3,686.44","3,683.29","3,707.94","3,679.67",39.07B,0.03%
2021/8/13,"3,685.34","3,683.44","3,710.29","3,669.08",37.78B,-0.24%
2021/8/12,"3,694.23","3,692.11","3,708.56","3,682.38",38.07B,-0.22%
2021/8/11,"3,702.51","3,696.72","3,714.55","3,693.52",38.34B,0.08%
2021/8/10,"3,699.68","3,656.39","3,699.68","3,644.19",34.48B,1.01%
2021/8/9,"3,662.65","3,607.19","3,671.27","3,603.99",34.96B,1.05%
2021/8/6,"3,624.48","3,632.12","3,633.06","3,602.13",33.66B,-0.24%
2021/8/5,"3,633.24","3,628.16","3,653.81","3,615.21",34.82B,-0.31%
2021/8/4,"3,644.44","3,608.51","3,644.84","3,606.25",34.85B,0.85%
2021/8/3,"3,613.82","3,612.54","3,637.59","3,600.65",40.04B,-0.47%
2021/8/2,"3,630.92","3,548.50","3,630.92","3,529.54",43.26B,1.97%
2021/7/30,"3,560.74","3,561.59","3,568.62","3,532.51",38.12B,-0.42%
2021/7/29,"3,575.77","3,567.51","3,580.90","3,545.21",34.43B,1.49%
2021/7/28,"3,523.18","3,517.10","3,548.26","3,471.89",39.54B,-0.58%
2021/7/27,"3,543.69","3,634.17","3,651.39","3,542.73",46.87B,-2.49%
2021/7/26,"3,634.17","3,708.18","3,708.18","3,589.37",44.25B,-2.34%
2021/7/23,"3,721.18","3,743.55","3,743.69","3,711.86",44.62B,-0.68%
2021/7/22,"3,746.72","3,735.12","3,748.55","3,729.49",38.08B,0.34%
2021/7/21,"3,734.07","3,713.56","3,740.82","3,713.56",33.87B,0.73%
2021/7/20,"3,706.99","3,684.17","3,708.93","3,678.02",29.35B,-0.07%
2021/7/19,"3,709.40","3,700.25","3,715.44","3,674.95",33.64B,0.00%
2021/7/16,"3,709.49","3,730.71","3,737.50","3,707.84",36.56B,-0.71%
2021/7/15,"3,736.05","3,688.27","3,737.45","3,683.22",36.29B,1.02%
2021/7/14,"3,698.17","3,732.12","3,732.12","3,695.04",37.18B,-1.07%
2021/7/13,"3,738.09","3,718.25","3,739.10","3,713.25",36.19B,0.53%
2021/7/12,"3,718.52","3,715.79","3,736.56","3,697.08",40.32B,0.67%
2021/7/9,"3,693.64","3,681.21","3,699.13","3,652.70",34.96B,-0.04%
2021/7/8,"3,695.14","3,728.41","3,729.94","3,690.47",35.06B,-0.79%
2021/7/7,"3,724.73","3,677.33","3,729.11","3,673.03",31.85B,0.67%
2021/7/6,"3,700.12","3,703.16","3,708.59","3,665.15",31.36B,-0.12%
2021/7/5,"3,704.44","3,686.23","3,704.45","3,679.54",28.77B,0.44%
2021/7/2,"3,688.20","3,741.85","3,741.85","3,683.56",29.16B,-1.95%
2021/7/1,"3,761.68","3,774.02","3,781.52","3,746.08",29.16B,-0.07%
2021/6/30,"3,764.20","3,744.73","3,767.26","3,741.46",26.79B,0.50%
2021/6/29,"3,745.31","3,775.24","3,775.38","3,742.53",30.57B,-0.92%
2021/6/28,"3,780.16","3,786.32","3,788.55","3,767.41",32.09B,-0.03%
2021/6/25,"3,781.40","3,739.24","3,788.46","3,736.23",34.57B,1.15%
2021/6/24,"3,738.48","3,740.54","3,742.50","3,719.78",33.52B,0.01%
2021/6/23,"3,738.07","3,730.92","3,749.88","3,720.90",31.04B,0.25%
2021/6/22,"3,728.84","3,710.34","3,731.77","3,707.22",30.72B,0.80%
2021/6/21,"3,699.21","3,684.83","3,710.89","3,672.78",28.06B,0.12%
2021/6/18,"3,694.91","3,690.07","3,705.94","3,671.90",29.64B,-0.01%
2021/6/17,"3,695.43","3,677.29","3,704.46","3,676.30",27.70B,0.21%
2021/6/16,"3,687.76","3,728.03","3,732.62","3,682.75",31.24B,-1.08%
2021/6/15,"3,727.86","3,760.26","3,766.02","3,718.02",34.89B,-0.92%
2021/6/11,"3,762.65","3,788.21","3,788.51","3,759.92",36.03B,-0.59%
2021/6/10,"3,784.79","3,760.34","3,798.96","3,756.78",31.79B,0.54%
2021/6/9,"3,764.40","3,749.13","3,772.10","3,744.76",29.80B,0.32%
2021/6/8,"3,752.57","3,772.16","3,796.05","3,734.89",30.41B,-0.54%
2021/6/7,"3,773.00","3,770.49","3,773.88","3,754.48",30.34B,0.22%
2021/6/4,"3,764.90","3,737.17","3,793.16","3,733.42",33.04B,0.21%
2021/6/3,"3,756.84","3,768.69","3,792.81","3,756.83",35.36B,-0.36%
2021/6/2,"3,770.49","3,801.16","3,804.26","3,757.33",34.81B,-0.76%
2021/6/1,"3,799.47","3,782.57","3,800.90","3,754.57",35.25B,0.26%
2021/5/31,"3,789.79","3,773.65","3,789.98","3,753.27",33.11B,0.41%
2021/5/28,"3,774.39","3,784.88","3,796.84","3,755.06",34.87B,-0.22%
2021/5/27,"3,782.87","3,758.57","3,801.22","3,751.78",30.91B,0.43%
2021/5/26,"3,766.58","3,759.77","3,777.21","3,758.22",34.17B,0.34%
2021/5/25,"3,753.99","3,671.30","3,757.40","3,671.20",34.10B,2.41%
2021/5/24,"3,665.78","3,654.24","3,666.86","3,637.03",28.92B,0.31%
2021/5/21,"3,654.54","3,680.05","3,687.95","3,647.33",28.36B,-0.58%
2021/5/20,"3,675.96","3,669.55","3,687.29","3,654.04",32.57B,-0.11%
2021/5/19,"3,680.08","3,690.70","3,690.70","3,672.58",27.81B,-0.51%
2021/5/18,"3,699.00","3,690.24","3,699.00","3,679.96",27.11B,0.32%
2021/5/17,"3,687.05","3,658.51","3,700.57","3,658.24",32.19B,0.78%
2021/5/14,"3,658.48","3,601.55","3,658.76","3,587.36",33.66B,1.78%
2021/5/13,"3,594.66","3,597.31","3,614.02","3,582.93",31.90B,-0.96%
2021/5/12,"3,629.45","3,594.83","3,633.26","3,593.40",31.12B,0.61%
2021/5/11,"3,607.53","3,570.55","3,614.10","3,547.60",35.06B,0.40%
2021/5/10,"3,593.00","3,588.39","3,594.85","3,565.69",37.38B,0.27%
2021/5/7,"3,583.46","3,612.35","3,624.39","3,581.25",35.34B,-0.65%
2021/5/6,"3,606.97","3,611.99","3,638.39","3,591.83",31.00B,-0.16%
2021/4/30,"3,612.81","3,635.30","3,636.13","3,591.87",31.23B,-0.81%
2021/4/29,"3,642.23","3,624.58","3,645.73","3,613.56",27.64B,0.52%
2021/4/28,"3,623.52","3,597.40","3,623.52","3,588.12",24.71B,0.42%
2021/4/27,"3,608.37","3,605.72","3,609.68","3,581.78",25.29B,0.04%
2021/4/26,"3,606.85","3,651.92","3,665.54","3,604.13",27.67B,-0.95%
2021/4/23,"3,641.47","3,628.74","3,650.05","3,622.71",24.91B,0.26%
2021/4/22,"3,631.92","3,650.54","3,653.18","3,622.69",25.09B,-0.23%
2021/4/21,"3,640.14","3,622.70","3,648.88","3,616.21",25.36B,0.00%
2021/4/20,"3,640.16","3,634.07","3,662.56","3,630.20",28.50B,-0.13%
2021/4/19,"3,644.99","3,592.57","3,646.53","3,578.73",30.24B,1.49%
2021/4/16,"3,591.60","3,571.24","3,597.92","3,557.53",25.83B,0.81%
2021/4/15,"3,562.63","3,573.78","3,573.78","3,535.47",23.38B,-0.52%
2021/4/14,"3,581.25","3,560.61","3,584.73","3,556.34",23.31B,0.60%
2021/4/13,"3,560.02","3,575.56","3,590.38","3,551.04",27.05B,-0.48%
2021/4/12,"3,577.32","3,611.92","3,622.62","3,567.82",30.94B,-1.09%
2021/4/9,"3,616.86","3,642.85","3,642.86","3,607.90",27.99B,-0.92%
2021/4/8,"3,650.32","3,634.53","3,664.34","3,625.96",33.15B,0.08%
2021/4/7,"3,647.27","3,651.26","3,651.26","3,619.55",29.55B,-0.10%
2021/4/6,"3,650.79","3,659.89","3,661.62","3,639.03",23.46B,-0.04%
2021/4/2,"3,652.29","3,639.94","3,655.65","3,629.67",26.25B,0.52%
2021/4/1,"3,633.33","3,610.76","3,637.23","3,604.48",27.51B,0.71%
2021/3/31,"3,607.72","3,618.52","3,618.52","3,585.60",28.28B,-0.43%
2021/3/30,"3,623.21","3,597.87","3,624.22","3,588.20",28.52B,0.62%
2021/3/29,"3,600.77","3,594.86","3,616.04","3,574.13",28.46B,0.50%
2021/3/26,"3,582.99","3,535.77","3,588.13","3,535.77",27.45B,1.63%
2021/3/25,"3,525.56","3,516.64","3,545.11","3,506.03",27.05B,-0.10%
2021/3/24,"3,529.23","3,557.64","3,579.85","3,524.12",31.72B,-1.30%
2021/3/23,"3,575.87","3,611.35","3,611.43","3,553.35",32.61B,-0.93%
2021/3/22,"3,609.36","3,570.20","3,609.60","3,568.22",31.23B,1.14%
2021/3/19,"3,568.68","3,588.80","3,605.24","3,552.53",30.89B,-1.69%
2021/3/18,"3,629.94","3,615.84","3,645.77","3,615.56",28.42B,0.51%
2021/3/17,"3,611.55","3,601.22","3,620.46","3,574.52",27.98B,-0.03%
2021/3/16,"3,612.77","3,589.61","3,615.03","3,570.21",31.64B,0.78%
2021/3/15,"3,584.66","3,607.67","3,624.07","3,555.89",36.76B,-0.96%
2021/3/12,"3,619.43","3,613.27","3,620.92","3,581.82",35.78B,0.47%
2021/3/11,"3,602.38","3,532.20","3,602.38","3,532.20",32.19B,2.36%
2021/3/10,"3,519.43","3,553.14","3,560.67","3,516.38",29.95B,-0.05%
2021/3/9,"3,521.09","3,579.93","3,594.39","3,488.62",40.73B,-1.82%
2021/3/8,"3,586.29","3,694.92","3,713.09","3,586.08",38.67B,-2.30%
2021/3/5,"3,670.79","3,630.17","3,693.44","3,623.22",35.62B,-0.04%
2021/3/4,"3,672.35","3,717.57","3,723.43","3,655.44",39.33B,-2.05%
2021/3/3,"3,749.34","3,668.87","3,750.10","3,667.35",34.73B,1.95%
2021/3/2,"3,677.71","3,738.86","3,738.86","3,653.34",33.96B,-1.21%
2021/3/1,"3,722.64","3,701.78","3,723.86","3,681.29",31.51B,1.21%
2021/2/26,"3,678.27","3,684.00","3,721.64","3,669.52",33.28B,-2.12%
2021/2/25,"3,757.96","3,768.97","3,782.59","3,740.55",36.57B,0.59%
2021/2/24,"3,735.95","3,814.49","3,821.50","3,701.87",36.17B,-1.99%
2021/2/23,"3,811.79","3,792.16","3,849.32","3,792.16",39.85B,-0.17%
2021/2/22,"3,818.13","3,886.15","3,896.65","3,818.13",48.80B,-1.46%
2021/2/19,"3,874.58","3,838.55","3,878.25","3,809.42",36.06B,0.57%
2021/2/18,"3,852.80","3,900.81","3,911.92","3,840.52",34.00B,0.55%
2021/2/10,"3,831.54","3,786.97","3,839.61","3,786.85",25.77B,1.43%
2021/2/9,"3,777.39","3,710.58","3,777.94","3,698.93",25.35B,2.01%
2021/2/8,"3,702.89","3,673.69","3,713.14","3,660.62",24.96B,1.03%
2021/2/5,"3,665.04","3,678.83","3,707.23","3,661.50",28.99B,-0.16%
2021/2/4,"3,670.82","3,672.81","3,694.82","3,633.00",29.86B,-0.44%
2021/2/3,"3,687.01","3,701.55","3,715.03","3,677.78",29.70B,-0.46%
2021/2/2,"3,704.20","3,680.20","3,706.11","3,664.19",26.42B,0.81%
2021/2/1,"3,674.37","3,644.82","3,675.53","3,637.19",27.72B,0.64%
2021/1/29,"3,650.95","3,691.48","3,701.84","3,612.63",29.34B,-0.63%
2021/1/28,"3,674.12","3,705.05","3,720.66","3,665.41",27.05B,-1.91%
2021/1/27,"3,745.64","3,739.60","3,751.37","3,717.48",26.38B,0.11%
2021/1/26,"3,741.57","3,785.14","3,785.14","3,736.66",27.78B,-1.51%
2021/1/25,"3,799.07","3,779.20","3,812.53","3,764.18",32.68B,0.49%
2021/1/22,"3,780.66","3,790.90","3,790.90","3,757.86",32.41B,-0.40%
2021/1/21,"3,795.86","3,764.03","3,811.59","3,758.64",32.72B,1.07%
2021/1/20,"3,755.81","3,735.90","3,763.00","3,727.84",27.19B,0.47%
2021/1/19,"3,738.27","3,769.72","3,776.85","3,724.26",32.32B,-0.83%
2021/1/18,"3,769.59","3,726.10","3,782.75","3,715.05",30.14B,0.84%
2021/1/15,"3,738.25","3,738.17","3,762.29","3,704.07",32.44B,0.01%
2021/1/14,"3,737.76","3,757.76","3,772.56","3,731.14",34.73B,-0.91%
2021/1/13,"3,772.16","3,787.55","3,797.06","3,747.97",38.78B,-0.27%
2021/1/12,"3,782.36","3,687.56","3,782.36","3,687.01",32.31B,2.18%
2021/1/11,"3,701.72","3,743.50","3,771.21","3,686.51",36.22B,-1.08%
2021/1/8,"3,742.23","3,750.24","3,761.13","3,715.77",34.52B,-0.17%
2021/1/7,"3,748.67","3,724.21","3,748.67","3,696.65",40.50B,0.71%
2021/1/6,"3,722.08","3,701.11","3,728.29","3,682.45",36.98B,0.63%
2021/1/5,"3,698.76","3,660.44","3,698.76","3,652.60",40.75B,0.74%
2021/1/4,"3,671.76","3,642.15","3,680.89","3,623.79",38.03B,0.86%
2020/12/31,"3,640.46","3,584.52","3,642.40","3,584.52",33.54B,1.72%
2020/12/30,"3,578.98","3,537.61","3,578.98","3,536.98",29.08B,1.05%
2020/12/29,"3,541.84","3,563.13","3,571.30","3,538.75",31.15B,-0.54%
2020/12/28,"3,561.03","3,560.02","3,577.01","3,546.72",31.59B,0.02%
2020/12/25,"3,560.24","3,513.27","3,560.70","3,509.65",29.42B,1.00%
2020/12/24,"3,525.15","3,545.16","3,557.63","3,515.62",27.48B,-0.57%
2020/12/23,"3,545.30","3,524.48","3,557.78","3,522.08",29.93B,0.76%
2020/12/22,"3,518.50","3,575.32","3,580.35","3,515.44",32.27B,-1.87%
2020/12/21,"3,585.40","3,557.97","3,588.61","3,544.03",28.34B,0.76%
2020/12/18,"3,558.51","3,564.34","3,578.34","3,545.74",28.06B,-0.29%
2020/12/17,"3,568.96","3,529.58","3,570.33","3,515.66",27.52B,1.12%
2020/12/16,"3,529.27","3,533.77","3,541.54","3,521.08",22.06B,-0.01%
2020/12/15,"3,529.53","3,528.86","3,536.17","3,509.78",22.54B,-0.06%
2020/12/14,"3,531.51","3,510.94","3,533.62","3,499.50",23.96B,0.66%
2020/12/11,"3,508.47","3,543.92","3,546.20","3,485.38",29.83B,-0.77%
2020/12/10,"3,535.80","3,527.90","3,547.99","3,519.52",24.71B,0.04%
2020/12/9,"3,534.44","3,580.71","3,587.49","3,534.39",26.05B,-1.12%
2020/12/8,"3,574.52","3,582.36","3,593.87","3,566.99",22.67B,-0.19%
2020/12/7,"3,581.22","3,612.76","3,615.82","3,578.82",25.42B,-0.81%
2020/12/4,"3,610.59","3,602.35","3,614.60","3,581.69",25.60B,0.07%
2020/12/3,"3,608.03","3,614.75","3,618.54","3,594.04",29.82B,-0.21%
2020/12/2,"3,615.63","3,620.07","3,632.79","3,601.48",31.24B,-0.08%
2020/12/1,"3,618.41","3,552.32","3,624.39","3,550.21",31.55B,1.78%
2020/11/30,"3,555.23","3,582.78","3,623.29","3,555.23",38.38B,-0.48%
2020/11/27,"3,572.44","3,536.24","3,572.44","3,526.47",28.02B,1.15%
2020/11/26,"3,531.91","3,521.73","3,533.69","3,505.19",25.55B,0.22%
2020/11/25,"3,524.11","3,581.98","3,588.23","3,524.11",32.18B,-1.19%
2020/11/24,"3,566.54","3,571.28","3,578.13","3,559.64",30.06B,-0.34%
2020/11/23,"3,578.71","3,546.84","3,596.71","3,540.43",37.34B,1.09%
2020/11/20,"3,540.14","3,521.13","3,542.69","3,517.68",26.08B,0.44%
2020/11/19,"3,524.79","3,499.61","3,529.25","3,490.54",25.29B,0.47%
2020/11/18,"3,508.24","3,497.77","3,520.41","3,494.28",28.72B,0.22%
2020/11/17,"3,500.46","3,508.03","3,508.62","3,483.72",28.33B,-0.21%
2020/11/16,"3,507.84","3,485.52","3,507.84","3,472.92",27.91B,1.11%
2020/11/13,"3,469.23","3,487.20","3,487.20","3,449.87",22.76B,-0.86%
2020/11/12,"3,499.23","3,505.24","3,511.35","3,489.56",21.61B,-0.10%
2020/11/11,"3,502.88","3,515.27","3,527.68","3,499.57",27.07B,-0.53%
2020/11/10,"3,521.70","3,550.50","3,550.50","3,507.05",27.83B,-0.40%
2020/11/9,"3,535.95","3,489.55","3,543.39","3,489.55",30.97B,1.86%
2020/11/6,"3,471.43","3,486.46","3,486.46","3,450.45",23.45B,-0.24%
2020/11/5,"3,479.81","3,464.62","3,480.12","3,449.90",22.63B,1.30%
2020/11/4,"3,435.08","3,430.86","3,444.72","3,410.59",18.81B,0.20%
2020/11/3,"3,428.39","3,395.63","3,436.06","3,393.57",21.48B,1.43%
2020/11/2,"3,380.21","3,383.93","3,398.71","3,364.23",22.62B,0.02%
2020/10/30,"3,379.53","3,436.24","3,437.55","3,374.18",22.96B,-1.47%
2020/10/29,"3,430.04","3,391.23","3,447.93","3,386.38",18.42B,0.11%
2020/10/28,"3,426.36","3,412.73","3,433.33","3,394.01",17.30B,0.46%
2020/10/27,"3,410.72","3,396.52","3,414.96","3,391.05",14.90B,0.10%
2020/10/26,"3,407.41","3,415.31","3,421.34","3,381.65",16.75B,-0.82%
2020/10/23,"3,435.57","3,467.13","3,485.92","3,434.13",17.40B,-1.04%
2020/10/22,"3,471.68","3,475.19","3,480.49","3,439.04",16.58B,-0.38%
2020/10/21,"3,484.85","3,492.28","3,492.28","3,462.95",17.75B,-0.09%
2020/10/20,"3,488.03","3,466.09","3,488.03","3,452.05",16.49B,0.47%
2020/10/19,"3,471.88","3,512.18","3,533.15","3,466.80",21.22B,-0.71%
2020/10/16,"3,496.71","3,494.72","3,509.93","3,478.61",19.41B,0.13%
2020/10/15,"3,492.34","3,503.62","3,515.86","3,490.07",19.08B,-0.26%
2020/10/14,"3,501.36","3,514.76","3,514.76","3,493.12",19.84B,-0.56%
2020/10/13,"3,521.19","3,514.23","3,523.38","3,494.71",20.47B,0.04%
2020/10/12,"3,519.84","3,445.27","3,520.57","3,443.98",25.92B,2.64%
2020/10/9,"3,429.25","3,419.37","3,438.12","3,416.79",18.81B,1.68%
2020/9/30,"3,372.60","3,387.98","3,400.77","3,356.09",15.34B,-0.20%
2020/9/29,"3,379.22","3,387.16","3,398.59","3,374.48",15.12B,0.21%
2020/9/28,"3,372.13","3,379.90","3,393.73","3,365.13",15.57B,-0.06%
2020/9/25,"3,374.05","3,389.78","3,395.11","3,362.12",16.47B,-0.12%
2020/9/24,"3,378.02","3,419.64","3,422.25","3,375.99",20.65B,-1.72%
2020/9/23,"3,437.30","3,436.40","3,447.85","3,421.75",16.90B,0.16%
2020/9/22,"3,431.65","3,448.78","3,479.84","3,422.62",21.38B,-1.29%
2020/9/21,"3,476.35","3,509.91","3,511.66","3,472.30",21.62B,-0.63%
2020/9/18,"3,498.55","3,428.06","3,498.79","3,425.56",25.59B,2.07%
2020/9/17,"3,427.55","3,434.84","3,448.53","3,404.56",20.27B,-0.41%
2020/9/16,"3,441.77","3,451.49","3,461.22","3,428.31",20.02B,-0.36%
2020/9/15,"3,454.12","3,434.63","3,456.24","3,420.59",19.75B,0.52%
2020/9/14,"3,436.40","3,433.38","3,441.34","3,417.85",21.37B,0.57%
2020/9/11,"3,417.02","3,380.82","3,419.29","3,375.30",22.15B,0.79%
2020/9/10,"3,390.30","3,440.02","3,443.39","3,382.77",31.21B,-0.61%
2020/9/9,"3,411.05","3,438.64","3,447.70","3,394.19",35.10B,-1.86%
2020/9/8,"3,475.79","3,459.77","3,484.14","3,433.86",27.05B,0.73%
2020/9/7,"3,450.71","3,510.91","3,530.10","3,443.40",26.02B,-1.87%
2020/9/4,"3,516.64","3,496.73","3,521.62","3,488.52",22.12B,-0.88%
2020/9/3,"3,547.69","3,567.66","3,590.32","3,536.44",25.49B,-0.58%
2020/9/2,"3,568.48","3,584.99","3,585.96","3,539.57",26.12B,-0.17%
2020/9/1,"3,574.64","3,552.76","3,574.64","3,544.30",24.66B,0.44%
2020/8/31,"3,558.98","3,580.97","3,608.37","3,558.78",32.30B,-0.24%
2020/8/28,"3,567.58","3,507.20","3,569.77","3,500.23",27.08B,1.61%
2020/8/27,"3,511.20","3,493.79","3,513.00","3,472.26",23.67B,0.61%
2020/8/26,"3,489.88","3,533.76","3,545.19","3,479.82",29.38B,-1.30%
2020/8/25,"3,535.72","3,555.97","3,572.75","3,525.83",27.67B,-0.36%
2020/8/24,"3,548.47","3,554.33","3,559.99","3,530.06",26.58B,0.14%
2020/8/21,"3,543.47","3,543.04","3,557.38","3,519.67",28.72B,0.50%
2020/8/20,"3,525.90","3,549.04","3,558.06","3,514.22",33.53B,-1.30%
2020/8/19,"3,572.31","3,610.57","3,620.93","3,570.23",40.53B,-1.25%
2020/8/18,"3,617.42","3,607.83","3,623.33","3,598.06",38.04B,0.36%
2020/8/17,"3,604.54","3,536.48","3,617.25","3,531.72",43.42B,2.34%
2020/8/14,"3,522.00","3,475.39","3,524.03","3,461.81",30.58B,1.19%
2020/8/13,"3,480.70","3,488.55","3,499.00","3,468.89",32.41B,0.04%
2020/8/12,"3,479.21","3,487.85","3,496.49","3,420.49",37.80B,-0.63%
2020/8/11,"3,501.28","3,542.31","3,573.36","3,496.86",40.02B,-1.15%
2020/8/10,"3,542.07","3,502.45","3,563.78","3,495.66",38.12B,0.75%
2020/8/7,"3,515.58","3,532.94","3,536.67","3,467.02",40.36B,-0.96%
2020/8/6,"3,549.61","3,543.62","3,556.15","3,494.91",41.50B,0.26%
2020/8/5,"3,540.26","3,525.34","3,546.65","3,494.43",38.55B,0.17%
2020/8/4,"3,534.12","3,539.08","3,554.46","3,513.94",44.20B,0.11%
2020/8/3,"3,530.18","3,492.71","3,530.33","3,487.97",40.70B,1.75%
2020/7/31,"3,469.43","3,438.77","3,494.38","3,418.63",35.35B,0.71%
2020/7/30,"3,445.09","3,458.47","3,471.98","3,440.20",34.04B,-0.24%
2020/7/29,"3,453.21","3,377.11","3,453.21","3,364.50",32.46B,2.06%
2020/7/28,"3,383.37","3,381.49","3,401.56","3,362.95",28.92B,0.71%
2020/7/27,"3,359.54","3,364.94","3,377.09","3,327.46",29.91B,0.27%
2020/7/24,"3,350.64","3,470.07","3,478.98","3,338.27",42.67B,-3.86%
2020/7/23,"3,485.25","3,465.31","3,496.98","3,414.71",40.67B,-0.24%
2020/7/22,"3,493.66","3,474.81","3,544.88","3,471.24",39.29B,0.37%
2020/7/21,"3,480.82","3,490.96","3,497.39","3,459.52",35.89B,0.20%
2020/7/20,"3,473.75","3,400.15","3,473.75","3,375.73",41.80B,3.11%
2020/7/17,"3,368.90","3,369.25","3,409.42","3,334.44",35.92B,0.12%
2020/7/16,"3,364.75","3,518.12","3,536.14","3,364.35",49.00B,-4.50%
2020/7/15,"3,523.30","3,587.01","3,597.90","3,507.01",49.14B,-1.56%
2020/7/14,"3,579.19","3,600.52","3,617.56","3,528.31",54.25B,-0.83%
2020/7/13,"3,609.20","3,542.18","3,625.48","3,531.34",55.74B,1.77%
2020/7/10,"3,546.31","3,583.66","3,598.52","3,534.97",55.55B,-1.95%
2020/7/9,"3,616.87","3,567.51","3,623.58","3,557.18",61.92B,1.38%
2020/7/8,"3,567.46","3,498.41","3,586.46","3,488.08",58.63B,1.74%
2020/7/7,"3,506.50","3,543.89","3,571.26","3,496.94",65.69B,0.37%
2020/7/6,"3,493.44","3,341.45","3,498.06","3,341.45",64.29B,5.71%
2020/7/3,"3,304.72","3,253.58","3,304.72","3,253.58",45.83B,2.01%
2020/7/2,"3,239.49","3,169.42","3,241.46","3,167.27",39.07B,2.13%
2020/7/1,"3,171.80","3,135.29","3,172.01","3,128.77",27.31B,1.39%
2020/6/30,"3,128.45","3,107.96","3,134.91","3,107.96",21.48B,0.78%
2020/6/29,"3,104.20","3,116.28","3,121.37","3,093.96",22.04B,-0.60%
2020/6/24,"3,123.07","3,116.17","3,126.63","3,114.32",21.29B,0.30%
2020/6/23,"3,113.70","3,103.46","3,115.56","3,091.90",22.50B,0.18%
2020/6/22,"3,108.07","3,109.78","3,127.13","3,101.53",26.76B,-0.08%
2020/6/19,"3,110.56","3,080.35","3,116.53","3,077.23",26.40B,0.96%
2020/6/18,"3,080.89","3,071.01","3,084.66","3,060.75",25.84B,0.12%
2020/6/17,"3,077.31","3,073.95","3,078.09","3,059.65",23.44B,0.14%
2020/6/16,"3,072.99","3,053.18","3,073.03","3,049.27",22.31B,1.44%
2020/6/15,"3,029.24","3,048.39","3,063.32","3,029.24",24.29B,-1.02%
2020/6/12,"3,060.43","3,015.40","3,071.47","3,011.02",23.58B,-0.04%
2020/6/11,"3,061.65","3,081.46","3,094.95","3,052.52",23.35B,-0.78%
2020/6/10,"3,085.61","3,093.50","3,093.56","3,076.26",20.77B,-0.42%
2020/6/9,"3,098.58","3,081.17","3,099.64","3,074.24",20.88B,0.63%
2020/6/8,"3,079.32","3,083.76","3,092.24","3,075.57",23.08B,0.24%
2020/6/5,"3,072.03","3,064.10","3,072.03","3,049.29",21.71B,0.39%
2020/6/4,"3,059.97","3,073.20","3,074.39","3,051.06",22.63B,-0.14%
2020/6/3,"3,064.31","3,071.59","3,084.61","3,063.55",25.51B,0.07%
2020/6/2,"3,062.17","3,056.85","3,067.37","3,049.28",25.58B,0.20%
2020/6/1,"3,055.94","3,010.42","3,057.76","3,010.42",25.99B,2.21%
2020/5/29,"2,989.86","2,972.11","2,992.92","2,965.86",20.63B,0.22%
2020/5/28,"2,983.28","2,974.84","2,999.73","2,955.94",20.73B,0.33%
2020/5/27,"2,973.34","2,984.35","2,986.11","2,968.24",19.79B,-0.34%
2020/5/26,"2,983.55","2,964.06","2,985.42","2,961.96",17.41B,1.01%
2020/5/25,"2,953.65","2,951.90","2,957.36","2,937.42",17.26B,0.15%
2020/5/22,"2,949.33","3,000.97","3,000.97","2,943.34",20.88B,-1.89%
2020/5/21,"3,006.09","3,030.00","3,030.83","3,002.20",20.33B,-0.55%
2020/5/20,"3,022.67","3,035.96","3,035.96","3,014.74",21.02B,-0.51%
2020/5/19,"3,038.14","3,037.23","3,039.88","3,026.60",19.68B,0.81%
2020/5/18,"3,013.88","3,010.97","3,029.11","3,000.12",22.55B,0.24%
2020/5/15,"3,006.78","3,019.67","3,023.36","3,001.45",18.87B,-0.07%
2020/5/14,"3,008.79","3,026.40","3,026.40","3,007.58",19.74B,-0.96%
2020/5/13,"3,037.92","3,021.95","3,040.22","3,014.25",18.45B,0.23%
2020/5/12,"3,030.98","3,033.89","3,037.34","3,009.75",19.63B,-0.10%
2020/5/11,"3,034.08","3,041.12","3,054.44","3,023.13",22.49B,-0.02%
2020/5/8,"3,034.58","3,021.35","3,043.46","3,017.66",22.66B,0.83%
2020/5/7,"3,009.61","3,014.78","3,020.61","3,002.30",22.65B,-0.23%
2020/5/6,"3,016.54","2,967.70","3,017.70","2,966.70",24.95B,0.63%
2020/4/30,"2,997.56","2,968.58","3,003.34","2,968.58",24.21B,1.33%
2020/4/29,"2,958.15","2,936.05","2,967.90","2,935.37",20.19B,0.44%
2020/4/28,"2,945.14","2,955.58","2,957.42","2,890.81",25.36B,-0.19%
2020/4/27,"2,950.86","2,947.41","2,968.86","2,937.67",21.00B,0.25%
2020/4/24,"2,943.51","2,971.18","2,971.18","2,937.19",23.51B,-1.06%
2020/4/23,"2,974.92","2,987.56","2,990.83","2,972.20",24.87B,-0.19%
2020/4/22,"2,980.70","2,949.26","2,980.70","2,943.41",21.71B,0.60%
2020/4/21,"2,962.85","2,978.79","2,978.79","2,942.93",23.31B,-0.90%
2020/4/20,"2,989.62","2,976.91","2,990.08","2,969.40",21.17B,0.49%
2020/4/17,"2,974.91","2,971.84","2,992.17","2,966.01",24.56B,0.66%
2020/4/16,"2,955.43","2,932.80","2,958.99","2,931.13",20.29B,0.31%
2020/4/15,"2,946.18","2,962.39","2,965.64","2,943.57",20.55B,-0.57%
2020/4/14,"2,963.04","2,929.00","2,963.06","2,923.34",20.26B,1.59%
2020/4/13,"2,916.67","2,918.23","2,926.97","2,907.21",17.70B,-0.48%
2020/4/10,"2,930.86","2,962.89","2,969.02","2,923.87",23.33B,-1.04%
2020/4/9,"2,961.54","2,961.47","2,968.36","2,955.80",23.80B,0.37%
2020/4/8,"2,950.48","2,940.57","2,958.71","2,934.68",24.34B,-0.19%
2020/4/7,"2,956.15","2,941.72","2,958.78","2,936.30",27.00B,2.06%
2020/4/3,"2,896.62","2,906.67","2,914.04","2,886.23",20.07B,-0.60%
2020/4/2,"2,914.09","2,850.69","2,914.09","2,850.39",21.77B,1.69%
2020/4/1,"2,865.69","2,875.15","2,906.46","2,862.10",21.71B,-0.57%
2020/3/31,"2,882.25","2,900.13","2,904.14","2,874.72",21.85B,0.11%
2020/3/30,"2,879.03","2,871.06","2,891.50","2,853.67",23.95B,-0.90%
2020/3/27,"2,905.17","2,926.97","2,940.14","2,904.69",24.06B,0.26%
2020/3/26,"2,897.51","2,894.30","2,922.26","2,885.42",23.39B,-0.60%
2020/3/25,"2,914.98","2,908.41","2,922.38","2,890.02",27.29B,2.17%
2020/3/24,"2,852.95","2,832.56","2,853.97","2,794.94",25.68B,2.34%
2020/3/23,"2,787.62","2,805.77","2,832.85","2,783.77",24.96B,-3.11%
2020/3/20,"2,877.16","2,857.66","2,883.73","2,831.91",25.17B,1.61%
2020/3/19,"2,831.55","2,849.67","2,867.96","2,773.54",30.20B,-0.98%
2020/3/18,"2,859.49","2,926.16","2,950.85","2,859.49",29.09B,-1.83%
2020/3/17,"2,912.87","2,930.34","2,962.46","2,845.32",30.58B,-0.34%
2020/3/16,"2,922.93","3,036.23","3,036.98","2,918.10",35.15B,-3.40%
2020/3/13,"3,025.88","2,938.57","3,050.46","2,934.13",36.60B,-1.23%
2020/3/12,"3,063.64","3,076.70","3,085.61","3,045.59",30.75B,-1.52%
2020/3/11,"3,110.82","3,145.70","3,154.37","3,110.82",35.22B,-0.94%
2020/3/10,"3,140.46","3,058.79","3,144.15","3,044.01",39.29B,1.82%
2020/3/9,"3,084.33","3,130.31","3,132.46","3,081.62",41.42B,-3.01%
2020/3/6,"3,179.96","3,185.68","3,198.81","3,174.67",36.18B,-1.21%
2020/3/5,"3,218.98","3,181.74","3,221.71","3,167.85",44.51B,1.99%
2020/3/4,"3,156.06","3,124.74","3,156.42","3,116.93",35.31B,0.63%
2020/3/3,"3,136.39","3,151.05","3,171.97","3,119.31",40.98B,0.74%
2020/3/2,"3,113.33","3,038.29","3,125.48","3,038.29",36.70B,3.15%
2020/2/28,"3,018.36","3,064.75","3,089.42","3,016.47",40.08B,-3.71%
2020/2/27,"3,134.71","3,135.91","3,153.68","3,123.29",35.03B,0.11%
2020/2/26,"3,131.12","3,121.12","3,173.97","3,117.50",46.87B,-0.83%
2020/2/25,"3,157.44","3,124.94","3,161.52","3,084.74",44.12B,-0.60%
2020/2/24,"3,176.48","3,172.96","3,187.97","3,151.44",37.01B,-0.28%
2020/2/21,"3,185.33","3,167.06","3,205.49","3,164.87",36.42B,0.31%
2020/2/20,"3,175.36","3,124.79","3,176.65","3,110.69",34.54B,1.84%
2020/2/19,"3,117.99","3,122.29","3,141.97","3,114.23",31.49B,-0.32%
2020/2/18,"3,128.02","3,124.29","3,133.92","3,102.64",31.14B,0.05%
2020/2/17,"3,126.60","3,065.17","3,126.62","3,065.17",31.29B,2.28%
2020/2/14,"3,056.79","3,038.79","3,067.20","3,038.49",25.05B,0.38%
2020/2/13,"3,045.30","3,067.37","3,076.05","3,040.25",27.46B,-0.71%
2020/2/12,"3,067.11","3,034.24","3,067.11","3,030.96",24.85B,0.87%
2020/2/11,"3,040.67","3,033.18","3,053.42","3,020.26",26.90B,0.39%
2020/2/10,"3,028.92","2,997.51","3,030.35","2,987.61",29.46B,0.50%
2020/2/7,"3,013.74","2,995.84","3,013.74","2,974.72",30.92B,0.33%
2020/2/6,"3,003.81","2,962.24","3,014.39","2,942.02",31.60B,1.72%
2020/2/5,"2,953.01","2,926.11","2,978.83","2,911.93",30.94B,1.25%
2020/2/4,"2,916.57","2,814.01","2,919.59","2,814.01",36.35B,1.34%
2020/2/3,"2,878.14","2,846.73","2,899.08","2,846.73",21.54B,-7.72%
2020/1/23,"3,118.92","3,183.19","3,190.71","3,096.72",27.24B,-2.75%
2020/1/22,"3,207.12","3,183.76","3,216.06","3,150.00",22.36B,0.28%
2020/1/21,"3,198.08","3,233.33","3,233.33","3,197.13",23.46B,-1.41%
2020/1/20,"3,243.82","3,229.48","3,244.35","3,217.26",21.03B,0.66%
2020/1/17,"3,222.53","3,228.85","3,239.84","3,213.89",19.02B,0.04%
2020/1/16,"3,221.10","3,243.80","3,244.46","3,217.75",20.32B,-0.52%
2020/1/15,"3,237.81","3,251.58","3,256.60","3,229.43",20.21B,-0.54%
2020/1/14,"3,255.41","3,269.93","3,276.75","3,254.14",22.98B,-0.28%
2020/1/13,"3,264.58","3,239.27","3,264.58","3,222.43",21.04B,0.76%
2020/1/10,"3,240.07","3,250.55","3,253.63","3,228.65",21.03B,-0.08%
2020/1/9,"3,242.78","3,229.97","3,245.35","3,227.31",24.32B,0.91%
2020/1/8,"3,213.43","3,242.10","3,242.10","3,205.30",29.76B,-1.22%
2020/1/7,"3,253.19","3,232.98","3,253.90","3,231.76",27.63B,0.69%
2020/1/6,"3,230.80","3,217.67","3,255.76","3,211.81",31.24B,-0.01%
2020/1/3,"3,231.19","3,236.71","3,241.74","3,221.49",26.13B,-0.05%
2020/1/2,"3,232.69","3,212.98","3,246.24","3,212.98",29.22B,1.15%
